symbol,rank,price,market_cap,pe,earnings_yield,pb,ps,ev_ebitda,fcf_yield,roe,roa,gross_margin,operating_margin,net_margin,debt_to_equity,current_ratio,revenue_growth,eps_growth,momentum_12_1,return_1m,volatility_1y,fundamental_age_days,fiscal_date,name,sector,industry,score
ADBE,1,237.69,93887550000.0,13.16795932678822,0.0759419113609845,8.077738105480513,3.95,9.689714722363728,0.10493404077537437,0.6134388712036479,0.2417276918904258,0.8926753334174765,0.36627540073204595,0.2999705498758888,0.5719693710745934,0.9963725490196078,0.10527784236224134,0.3511326860841424,-0.18599441405795414,-0.15046999535365813,0.40805865074481373,308,2025-11-28,Adobe Inc.,Technology,Software - Application,0.7526315789473684
JNJ,2,256.03,624738802999.0,23.307670608827042,0.042904330371876874,7.66137058519327,6.632539604843247,15.90458660331263,0.03152997685663449,0.3287059746885117,0.13455147833944078,0.6787871710212011,0.27173993821196907,0.2845646704107524,0.5878176199352497,1.027676163027011,0.06048119251078011,0.9050086355785837,0.5125583951635064,-0.06969223502052979,0.19085552786920545,278,2025-12-28,Johnson & Johnson,Healthcare,Drug Manufacturers - General,0.7210526315789473
CSCO,3,112.2,443526600000.0,33.43081329614834,0.02991252384862599,8.820256537734911,7.003973154362416,23.269973525151105,0.028785195746996912,0.2638361340359948,0.10233960983361232,0.645242795104619,0.24268456375838926,0.20950651401500198,0.5873123197772696,0.9311258278145695,0.1177498499664631,0.3058823529411766,0.6250372578241432,0.02898019075568592,0.3460847704794752,69,2026-07-25,"Cisco Systems, Inc.",Technology,Communication Equipment,0.6052631578947368
V,4,360.66,690105237660.0,34.40548597367634,0.02906513225144097,18.20425855759846,17.2526309415,26.732386173133868,0.03126624581659895,0.5291091825160252,0.20133096449757595,0.803625,0.59985,0.50145,0.6639848057189586,1.0775507874914403,0.1133997661860491,0.04830421377183955,0.09658909786420145,-0.0468816067653276,0.2199352840630146,367,2025-09-30,Visa Inc.,Financial Services,Financial - Credit Services,0.5894736842105264
NFLX,5,67.06,280934659180.0,25.583236221611827,0.03908809625715901,10.555307465337476,6.217702130064921,9.465127725133655,0.03367705867127676,0.41258687422902035,0.19751429722107453,0.48486575802475956,0.29494704605507255,0.24303813935832022,0.5433992418249104,1.185709316059751,0.15851068919677527,0.2777777777777777,-0.2934494833034418,-0.18941133808775534,0.3646098882791243,275,2025-12-31,"Netflix, Inc.",Communication Services,Entertainment,0.5894736842105261
GOOGL,6,343.5,4135592850000.0,31.289951199213135,0.031959142206177286,9.958924662564868,10.266194803840769,23.04494709404642,0.017715960602843195,0.3182786895115167,0.22202959610671263,0.5965231508603998,0.32063916829677586,0.3280987796522654,0.14277870757227312,2.005333592875566,0.15090081081544376,0.3445273631840798,0.3792115282269619,0.019590382902938686,0.3171314645887076,275,2025-12-31,Alphabet Inc.,Communication Services,Internet Content & Information,0.5684210526315789
BAC,7,53.75,384377000000.0,12.59880690943656,0.07937259513446435,1.2675544035641384,2.006488591458863,12.957984453497962,0.03281413820285813,0.10060908248500378,0.008945887190746876,0.5607542008801099,0.19677188659842249,0.15926020661178594,1.2066362620076967,0.4168936222581219,-0.004505440826465178,0.18633540372670795,0.2548861575659882,-0.13696210661528585,0.22167991813469007,275,2025-12-31,Bank of America Corporation,Financial Services,Banks - Diversified,0.5473684210526315
UNH,8,371.9,336940284300.0,27.94793333609821,0.03578082099932507,3.5802814185527576,0.7528264691096529,16.954218746747614,0.04770875062741793,0.12810540856444586,0.03894295838568904,0.1852616479767275,0.04237130977038075,0.026936749134766416,0.832950802252683,0.7883756756051071,0.11814039242726306,-0.14700193423597674,0.17081294582326234,-0.06371944311573219,0.3442506232669643,275,2025-12-31,UnitedHealth Group Incorporated,Healthcare,Medical - Healthcare Plans,0.5421052631578946
NVDA,9,233.95,5659250500000.0,47.13410429177043,0.021216060324595987,35.979035939298,26.207756393038743,39.15585740771487,0.017082827487491497,0.7633333969089534,0.5805863551302447,0.7106808435754708,0.6038168363141272,0.5560253406070261,0.07255249756823254,3.905263812455306,0.654735357900948,0.6666666666666669,0.200064243267841,0.04367416131334756,0.3765171132734649,250,2026-01-25,NVIDIA Corporation,Technology,Semiconductors,0.5421052631578946
AAPL,10,333.69,4902745330350.0,43.77060378850103,0.022846383495918554,66.49323003743235,11.780886076182055,34.47546740117845,0.02014524380627969,1.5191298333175105,0.3117962593356549,0.4690516410716045,0.31970799762591884,0.2691506412181824,1.5241072518411023,0.8932929222186667,0.0642551178283274,0.2269736842105263,0.2768064123217162,0.026864844903988327,0.24643962779641812,370,2025-09-27,Apple Inc.,Technology,Consumer Electronics,0.5315789473684209
META,11,728.08,1851507440000.0,30.624688874921432,0.03265339295639017,8.522748442987806,9.213038225371456,18.16898878983816,0.02490349161113822,0.2782966539773433,0.16517631502017643,0.8199944269179861,0.41437855159579234,0.3008369574952977,0.38618965858508675,2.5987666124868536,0.2216703849824621,-0.015507124895222171,-0.17140379343143286,0.22907593099024282,0.4180448164586949,275,2025-12-31,"Meta Platforms, Inc.",Communication Services,Internet Content & Information,0.5263157894736843
KO,12,85.65,368466300000.0,28.112176699473565,0.03557177413511086,11.454080014921198,7.685828414092322,21.67737675114961,0.014373091921839257,0.4074419472162641,0.1250477026408182,0.6162574831563797,0.28706117936630443,0.2733985523873094,1.4676862818241163,1.4587660354306657,0.018699135164998618,0.23577235772357727,0.3485011529592621,-0.023597811217510145,0.18767880198720807,275,2025-12-31,The Coca-Cola Company,Consumer Defensive,Beverages - Non-Alcoholic,0.5263157894736843
XOM,13,164.01,684553302510.0,23.732953214186658,0.04213550631373755,2.639129723693646,2.1134385159537517,10.571279360338323,0.0344925660477039,0.11120106713546606,0.06424339614236714,0.21683209583056762,0.10477763541779225,0.08905080193266544,0.16784637567177874,1.1527996681874741,-0.04522368657644725,-0.1454081632653061,0.5083157217678949,-0.0008528784648188514,0.2591346279008571,275,2025-12-31,Exxon Mobil Corporation,Energy,Oil & Gas Integrated,0.5263157894736842
DIS,14,102.19,177606220000.0,14.31846339890358,0.06983989637299864,1.6165271368629914,1.8809236960550701,11.354381693746408,0.05673787776126309,0.11289808772265152,0.06280061160221553,0.3776436325125761,0.1464866296002118,0.1313635160180037,0.41342871965704614,0.7103506820443768,0.03353728615054564,1.518382352941176,-0.030177833662654918,-0.05362104093350628,0.2681005891511743,370,2025-09-27,The Walt Disney Company,Communication Services,Entertainment,0.5157894736842106
MSFT,15,517.53,3844730370000.0,28.745862548505034,0.03478761502851499,8.690875568224202,11.586131738584072,19.046948327623014,0.017423068343801702,0.30233483352811,0.17636238488559763,0.6794409337058032,0.4678081840892722,0.4030538905915218,0.29116655778763845,1.2303272619576484,0.1778868679984666,0.315982404692082,-0.0361618748302488,0.04168511734632263,0.32704455173803865,94,2026-06-30,Microsoft Corporation,Technology,Software - Infrastructure,0.4842105263157895
NKE,16,33.87,50249532000.0,16.16780308880309,0.06185132231679292,3.3803923309788093,1.0830107332212595,11.693411406181976,0.043463091357746376,0.20908173562058527,0.08091642801353814,0.42913487650329757,0.0819000819000819,0.06698564593301436,0.7422132526067945,1.9608671395552721,0.0019218726381480921,-0.0277777777777778,-0.46770601336302897,-0.11427824267782438,0.35807225826052513,124,2026-05-31,"NIKE, Inc.",Consumer Cyclical,Apparel - Footwear & Accessories,0.4578947368421053
AMZN,17,251.52,2705349120000.0,34.83132638084202,0.02870978811045282,6.581317115298067,3.7735507808359046,16.762485529904865,0.002844364870734318,0.1889482198679041,0.09494622525493801,0.5028566486824266,0.11155296795755199,0.10833784334183261,0.37217228418863196,1.0508153482718285,0.12377754683294695,0.29656419529837247,0.15569052259438876,-0.013569691740528578,0.34355686794298845,275,2025-12-31,"Amazon.com, Inc.",Consumer Cyclical,Specialty Retail,0.3421052631578947
WMT,18,104.26,829284040000.0,37.878958571232815,0.026399881034729667,8.324724093277252,1.1628253849400487,19.058166168147878,0.017995040637704785,0.21977172570946726,0.07690713392443127,0.24926699786724774,0.041820733829433104,0.03069845182658102,0.6735296184386199,0.7897533242144247,0.04725214211766779,0.13278008298755178,0.04935707220573704,-0.017249505137147736,0.26279370036457816,244,2026-01-31,Walmart Inc.,Consumer Defensive,Discount Stores,0.3157894736842105
COST,19,920.65,408745583750.0,44.30366179817906,0.022571497691441417,11.41651771499595,1.3483100462141353,27.6561448394735,0.022972725268007255,0.25768790324833113,0.1036105339996631,0.12823515440996985,0.03854476602650798,0.03043337709546963,0.23953300002793063,1.0598380050964689,0.10143695387577888,0.14003294892915982,0.01804784982785468,-0.008433138032052478,0.19886489635052204,33,2026-08-30,Costco Wholesale Corporation,Consumer Defensive,Discount Stores,0.3157894736842105
